-- MySQL dump 10.13  Distrib 5.7.24, for Win64 (x86_64)
--
-- Host: localhost    Database: tifosi
-- ------------------------------------------------------
-- Server version	5.7.24

/*!40101 SET @OLD_CHARACTER_SET_CLIENT=@@CHARACTER_SET_CLIENT */;
/*!40101 SET @OLD_CHARACTER_SET_RESULTS=@@CHARACTER_SET_RESULTS */;
/*!40101 SET @OLD_COLLATION_CONNECTION=@@COLLATION_CONNECTION */;
/*!40101 SET NAMES utf8 */;
/*!40103 SET @OLD_TIME_ZONE=@@TIME_ZONE */;
/*!40103 SET TIME_ZONE='+00:00' */;
/*!40014 SET @OLD_UNIQUE_CHECKS=@@UNIQUE_CHECKS, UNIQUE_CHECKS=0 */;
/*!40014 SET @OLD_FOREIGN_KEY_CHECKS=@@FOREIGN_KEY_CHECKS, FOREIGN_KEY_CHECKS=0 */;
/*!40101 SET @OLD_SQL_MODE=@@SQL_MODE, SQL_MODE='NO_AUTO_VALUE_ON_ZERO' */;
/*!40111 SET @OLD_SQL_NOTES=@@SQL_NOTES, SQL_NOTES=0 */;

--
-- Table structure for table `achete`
--

DROP TABLE IF EXISTS `achete`;
/*!40101 SET @saved_cs_client     = @@character_set_client */;
/*!40101 SET character_set_client = utf8 */;
CREATE TABLE `achete` (
  `id_achete` int(11) NOT NULL AUTO_INCREMENT,
  `id_client` int(11) DEFAULT NULL,
  `jour` date DEFAULT NULL,
  PRIMARY KEY (`id_achete`),
  KEY `id_client` (`id_client`),
  CONSTRAINT `achete_ibfk_1` FOREIGN KEY (`id_client`) REFERENCES `client` (`id_client`)
) ENGINE=InnoDB DEFAULT CHARSET=utf8;
/*!40101 SET character_set_client = @saved_cs_client */;

--
-- Dumping data for table `achete`
--

LOCK TABLES `achete` WRITE;
/*!40000 ALTER TABLE `achete` DISABLE KEYS */;
/*!40000 ALTER TABLE `achete` ENABLE KEYS */;
UNLOCK TABLES;

--
-- Table structure for table `appartient`
--

DROP TABLE IF EXISTS `appartient`;
/*!40101 SET @saved_cs_client     = @@character_set_client */;
/*!40101 SET character_set_client = utf8 */;
CREATE TABLE `appartient` (
  `id_appartient` int(11) NOT NULL AUTO_INCREMENT,
  `id_boisson` int(11) DEFAULT NULL,
  `id_marque` int(11) DEFAULT NULL,
  PRIMARY KEY (`id_appartient`),
  KEY `id_boisson` (`id_boisson`),
  KEY `id_marque` (`id_marque`),
  CONSTRAINT `appartient_ibfk_1` FOREIGN KEY (`id_boisson`) REFERENCES `boisson` (`id_boisson`),
  CONSTRAINT `appartient_ibfk_2` FOREIGN KEY (`id_marque`) REFERENCES `marque` (`id_marque`)
) ENGINE=InnoDB AUTO_INCREMENT=13 DEFAULT CHARSET=utf8mb4 COLLATE=utf8mb4_unicode_ci;
/*!40101 SET character_set_client = @saved_cs_client */;

--
-- Dumping data for table `appartient`
--

LOCK TABLES `appartient` WRITE;
/*!40000 ALTER TABLE `appartient` DISABLE KEYS */;
INSERT INTO `appartient` VALUES (1,1,1),(2,2,1),(3,3,1),(4,4,1),(5,5,1),(6,6,4),(7,7,4),(8,8,4),(9,9,4),(10,10,3),(11,11,3),(12,12,2);
/*!40000 ALTER TABLE `appartient` ENABLE KEYS */;
UNLOCK TABLES;

--
-- Table structure for table `boisson`
--

DROP TABLE IF EXISTS `boisson`;
/*!40101 SET @saved_cs_client     = @@character_set_client */;
/*!40101 SET character_set_client = utf8 */;
CREATE TABLE `boisson` (
  `id_boisson` int(11) NOT NULL AUTO_INCREMENT,
  `nom_boisson` varchar(45) COLLATE utf8mb4_unicode_ci NOT NULL,
  PRIMARY KEY (`id_boisson`)
) ENGINE=InnoDB AUTO_INCREMENT=13 DEFAULT CHARSET=utf8mb4 COLLATE=utf8mb4_unicode_ci;
/*!40101 SET character_set_client = @saved_cs_client */;

--
-- Dumping data for table `boisson`
--

LOCK TABLES `boisson` WRITE;
/*!40000 ALTER TABLE `boisson` DISABLE KEYS */;
INSERT INTO `boisson` VALUES (1,'Coca-cola zéro'),(2,'Coca-cola original'),(3,'Fanta citron'),(4,'Fanta orange'),(5,'Capri-sun'),(6,'Pepsi'),(7,'Pepsi Max Zéro'),(8,'Lipton zéro citron'),(9,'Lipton Peach'),(10,'Monster energy ultra gold'),(11,'Monster energy ultra blue'),(12,'Eau de source');
/*!40000 ALTER TABLE `boisson` ENABLE KEYS */;
UNLOCK TABLES;

--
-- Table structure for table `client`
--

DROP TABLE IF EXISTS `client`;
/*!40101 SET @saved_cs_client     = @@character_set_client */;
/*!40101 SET character_set_client = utf8 */;
CREATE TABLE `client` (
  `id_client` int(11) NOT NULL AUTO_INCREMENT,
  `nom_client` varchar(45) NOT NULL,
  `age` int(11) DEFAULT NULL,
  `cp_client` int(11) DEFAULT NULL,
  PRIMARY KEY (`id_client`)
) ENGINE=InnoDB DEFAULT CHARSET=utf8;
/*!40101 SET character_set_client = @saved_cs_client */;

--
-- Dumping data for table `client`
--

LOCK TABLES `client` WRITE;
/*!40000 ALTER TABLE `client` DISABLE KEYS */;
/*!40000 ALTER TABLE `client` ENABLE KEYS */;
UNLOCK TABLES;

--
-- Table structure for table `comprend`
--

DROP TABLE IF EXISTS `comprend`;
/*!40101 SET @saved_cs_client     = @@character_set_client */;
/*!40101 SET character_set_client = utf8 */;
CREATE TABLE `comprend` (
  `id_comprend` int(11) NOT NULL AUTO_INCREMENT,
  `id_focaccia` int(11) DEFAULT NULL,
  `id_ingredient` int(11) DEFAULT NULL,
  PRIMARY KEY (`id_comprend`),
  KEY `id_focaccia` (`id_focaccia`),
  CONSTRAINT `comprend_ibfk_1` FOREIGN KEY (`id_focaccia`) REFERENCES `focaccia` (`id_focaccia`)
) ENGINE=InnoDB AUTO_INCREMENT=66 DEFAULT CHARSET=utf8;
/*!40101 SET character_set_client = @saved_cs_client */;

--
-- Dumping data for table `comprend`
--

LOCK TABLES `comprend` WRITE;
/*!40000 ALTER TABLE `comprend` DISABLE KEYS */;
INSERT INTO `comprend` VALUES (1,1,5),(2,1,9),(3,1,13),(4,1,1),(5,1,3),(6,1,7),(7,1,18),(8,1,20),(9,1,16),(10,2,5),(11,2,11),(12,2,9),(13,2,1),(14,2,7),(15,2,18),(16,2,20),(17,2,16),(18,3,5),(19,3,22),(20,3,9),(21,3,1),(22,3,7),(23,3,18),(24,3,20),(25,4,6),(26,4,10),(27,4,9),(28,4,7),(29,4,18),(30,4,20),(31,4,15),(32,5,5),(33,5,9),(34,5,12),(35,5,7),(36,5,18),(37,5,20),(38,5,16),(39,5,17),(40,6,5),(41,6,9),(42,6,4),(43,6,2),(44,6,19),(45,6,18),(46,6,20),(47,6,16),(48,7,5),(49,7,9),(50,7,4),(51,7,21),(52,7,18),(53,7,20),(54,7,16),(55,8,6),(56,8,8),(57,8,9),(58,8,21),(59,8,13),(60,8,1),(61,8,3),(62,8,7),(63,8,18),(64,8,20),(65,8,16);
/*!40000 ALTER TABLE `comprend` ENABLE KEYS */;
UNLOCK TABLES;

--
-- Table structure for table `contenir`
--

DROP TABLE IF EXISTS `contenir`;
/*!40101 SET @saved_cs_client     = @@character_set_client */;
/*!40101 SET character_set_client = utf8 */;
CREATE TABLE `contenir` (
  `id_contenir` int(11) NOT NULL AUTO_INCREMENT,
  `id_menu` int(11) DEFAULT NULL,
  `id_boisson` int(11) DEFAULT NULL,
  PRIMARY KEY (`id_contenir`),
  KEY `id_menu` (`id_menu`),
  CONSTRAINT `contenir_ibfk_1` FOREIGN KEY (`id_menu`) REFERENCES `menu` (`id_menu`)
) ENGINE=InnoDB DEFAULT CHARSET=utf8;
/*!40101 SET character_set_client = @saved_cs_client */;

--
-- Dumping data for table `contenir`
--

LOCK TABLES `contenir` WRITE;
/*!40000 ALTER TABLE `contenir` DISABLE KEYS */;
/*!40000 ALTER TABLE `contenir` ENABLE KEYS */;
UNLOCK TABLES;

--
-- Table structure for table `est_constitue`
--

DROP TABLE IF EXISTS `est_constitue`;
/*!40101 SET @saved_cs_client     = @@character_set_client */;
/*!40101 SET character_set_client = utf8 */;
CREATE TABLE `est_constitue` (
  `id_est_constitue` int(11) NOT NULL AUTO_INCREMENT,
  `id_menu` int(11) DEFAULT NULL,
  `id_focaccia` int(11) DEFAULT NULL,
  PRIMARY KEY (`id_est_constitue`),
  KEY `id_menu` (`id_menu`),
  KEY `id_focaccia` (`id_focaccia`),
  CONSTRAINT `est_constitue_ibfk_1` FOREIGN KEY (`id_menu`) REFERENCES `menu` (`id_menu`),
  CONSTRAINT `est_constitue_ibfk_2` FOREIGN KEY (`id_focaccia`) REFERENCES `focaccia` (`id_focaccia`)
) ENGINE=InnoDB DEFAULT CHARSET=utf8;
/*!40101 SET character_set_client = @saved_cs_client */;

--
-- Dumping data for table `est_constitue`
--

LOCK TABLES `est_constitue` WRITE;
/*!40000 ALTER TABLE `est_constitue` DISABLE KEYS */;
/*!40000 ALTER TABLE `est_constitue` ENABLE KEYS */;
UNLOCK TABLES;

--
-- Table structure for table `focaccia`
--

DROP TABLE IF EXISTS `focaccia`;
/*!40101 SET @saved_cs_client     = @@character_set_client */;
/*!40101 SET character_set_client = utf8 */;
CREATE TABLE `focaccia` (
  `id_focaccia` int(11) NOT NULL AUTO_INCREMENT,
  `nom_focaccia` varchar(45) NOT NULL,
  `prix_focaccia` float DEFAULT NULL,
  PRIMARY KEY (`id_focaccia`)
) ENGINE=InnoDB AUTO_INCREMENT=9 DEFAULT CHARSET=utf8;
/*!40101 SET character_set_client = @saved_cs_client */;

--
-- Dumping data for table `focaccia`
--

LOCK TABLES `focaccia` WRITE;
/*!40000 ALTER TABLE `focaccia` DISABLE KEYS */;
INSERT INTO `focaccia` VALUES (1,'Mozaccia',9.8),(2,'Gorgonzollaccia',10.8),(3,'Raclaccia',8.9),(4,'Emmentalaccia',9.8),(5,'Tradizione',8.9),(6,'Hawaienne',11.2),(7,'Américaine',10.8),(8,'Paysanne',12.8);
/*!40000 ALTER TABLE `focaccia` ENABLE KEYS */;
UNLOCK TABLES;

--
-- Table structure for table `ingredient`
--

DROP TABLE IF EXISTS `ingredient`;
/*!40101 SET @saved_cs_client     = @@character_set_client */;
/*!40101 SET character_set_client = utf8 */;
CREATE TABLE `ingredient` (
  `id_ingredient` int(11) NOT NULL AUTO_INCREMENT,
  `nom_ingredient` varchar(45) NOT NULL,
  PRIMARY KEY (`id_ingredient`)
) ENGINE=InnoDB AUTO_INCREMENT=25 DEFAULT CHARSET=utf8;
/*!40101 SET character_set_client = @saved_cs_client */;

--
-- Dumping data for table `ingredient`
--

LOCK TABLES `ingredient` WRITE;
/*!40000 ALTER TABLE `ingredient` DISABLE KEYS */;
INSERT INTO `ingredient` VALUES (1,'Ail'),(2,'Ananas'),(3,'Artichaut'),(4,'Bacon'),(5,'Base Tomate'),(6,'Base crème'),(7,'Champignon'),(8,'Chevre'),(9,'Cresson'),(10,'Emmental'),(11,'Gorgonzola'),(12,'Jambon cuit'),(13,'Jambon fumé'),(14,'Oeuf'),(15,'Oignon'),(16,'Olive noire'),(17,'Olive verte'),(18,'Parmesan'),(19,'Piment'),(20,'Poivre'),(21,'Pomme de terre'),(22,'Raclette'),(23,'Salami'),(24,'Tomate cerise');
/*!40000 ALTER TABLE `ingredient` ENABLE KEYS */;
UNLOCK TABLES;

--
-- Table structure for table `marque`
--

DROP TABLE IF EXISTS `marque`;
/*!40101 SET @saved_cs_client     = @@character_set_client */;
/*!40101 SET character_set_client = utf8 */;
CREATE TABLE `marque` (
  `id_marque` int(11) NOT NULL AUTO_INCREMENT,
  `nom_marque` varchar(45) NOT NULL,
  PRIMARY KEY (`id_marque`)
) ENGINE=InnoDB AUTO_INCREMENT=5 DEFAULT CHARSET=utf8;
/*!40101 SET character_set_client = @saved_cs_client */;

--
-- Dumping data for table `marque`
--

LOCK TABLES `marque` WRITE;
/*!40000 ALTER TABLE `marque` DISABLE KEYS */;
INSERT INTO `marque` VALUES (1,'Coca-cola'),(2,'Cristalline'),(3,'Monster'),(4,'Pepsico');
/*!40000 ALTER TABLE `marque` ENABLE KEYS */;
UNLOCK TABLES;

--
-- Table structure for table `menu`
--

DROP TABLE IF EXISTS `menu`;
/*!40101 SET @saved_cs_client     = @@character_set_client */;
/*!40101 SET character_set_client = utf8 */;
CREATE TABLE `menu` (
  `id_menu` int(11) NOT NULL AUTO_INCREMENT,
  `nom_menu` varchar(45) NOT NULL,
  `prix_menu` float DEFAULT NULL,
  PRIMARY KEY (`id_menu`)
) ENGINE=InnoDB DEFAULT CHARSET=utf8;
/*!40101 SET character_set_client = @saved_cs_client */;

--
-- Dumping data for table `menu`
--

LOCK TABLES `menu` WRITE;
/*!40000 ALTER TABLE `menu` DISABLE KEYS */;
/*!40000 ALTER TABLE `menu` ENABLE KEYS */;
UNLOCK TABLES;

--
-- Table structure for table `paye`
--

DROP TABLE IF EXISTS `paye`;
/*!40101 SET @saved_cs_client     = @@character_set_client */;
/*!40101 SET character_set_client = utf8 */;
CREATE TABLE `paye` (
  `id_paye` int(11) NOT NULL AUTO_INCREMENT,
  `id_achete` int(11) DEFAULT NULL,
  `jour` date DEFAULT NULL,
  PRIMARY KEY (`id_paye`),
  KEY `id_achete` (`id_achete`),
  CONSTRAINT `paye_ibfk_1` FOREIGN KEY (`id_achete`) REFERENCES `achete` (`id_achete`)
) ENGINE=InnoDB DEFAULT CHARSET=utf8;
/*!40101 SET character_set_client = @saved_cs_client */;

--
-- Dumping data for table `paye`
--

LOCK TABLES `paye` WRITE;
/*!40000 ALTER TABLE `paye` DISABLE KEYS */;
/*!40000 ALTER TABLE `paye` ENABLE KEYS */;
UNLOCK TABLES;
/*!40103 SET TIME_ZONE=@OLD_TIME_ZONE */;

/*!40101 SET SQL_MODE=@OLD_SQL_MODE */;
/*!40014 SET FOREIGN_KEY_CHECKS=@OLD_FOREIGN_KEY_CHECKS */;
/*!40014 SET UNIQUE_CHECKS=@OLD_UNIQUE_CHECKS */;
/*!40101 SET CHARACTER_SET_CLIENT=@OLD_CHARACTER_SET_CLIENT */;
/*!40101 SET CHARACTER_SET_RESULTS=@OLD_CHARACTER_SET_RESULTS */;
/*!40101 SET COLLATION_CONNECTION=@OLD_COLLATION_CONNECTION */;
/*!40111 SET SQL_NOTES=@OLD_SQL_NOTES */;

-- Dump completed on 2025-01-05 11:12:11
